CREATE TABLE `ICC_ACCOUNT` (
  `ID` int(11) NOT NULL AUTO_INCREMENT,
  `NAME` varchar(255) DEFAULT NULL,
  `CREATED_BY` varchar(255) DEFAULT NULL,
  `CREATED_ON` datetime DEFAULT NULL,
  `UPDATED_BY` varchar(255) DEFAULT NULL,
  `UPDATED_ON` datetime DEFAULT NULL,
  `DESCRIPTION` varchar(4000) DEFAULT NULL,
  `DELETED` tinyint(1) DEFAULT NULL,
  `LOGO_ID` int(11) DEFAULT NULL,
  `FOLDER_ID` int(11) DEFAULT NULL,
  `OWNER_USER` varchar(255) DEFAULT NULL,
  `ACCOUNT_TYPE` varchar(255) DEFAULT NULL,
  `INDUSTRY` varchar(255) DEFAULT NULL,
  `ANNUAL_REVENUE` varchar(100) DEFAULT NULL,
  `RATING` varchar(100) DEFAULT NULL,
  `PHONE_OFFICE` varchar(30) DEFAULT NULL,
  `PHONE_FAX` varchar(30) DEFAULT NULL,
  `PHONE_ALTERNATIVE` varchar(30) DEFAULT NULL,
  `EMAIL` varchar(255) DEFAULT NULL,
  `WEBSITE` varchar(255) DEFAULT NULL,
  `EMPLOYEE_COUNT` int(11) DEFAULT NULL,
  `TICKER_SYMBOL` varchar(10) DEFAULT NULL,
  `PARENT_ID` int(11) DEFAULT NULL,
  `SIC_CODE` varchar(100) DEFAULT NULL,
  `CAMPAIGN_ID` int(11) DEFAULT NULL,
  `SHIPPING_ADDRESS` int(11) DEFAULT NULL,
  `BILLING_ADDRESS` int(11) DEFAULT NULL,
  PRIMARY KEY (ID) 
) ENGINE=InnoDB DEFAULT CHARSET=utf8;

CREATE TABLE `ICC_ACTIVITY` (
  `ID` int(11) NOT NULL AUTO_INCREMENT,
  `TYPE` int(255) DEFAULT NULL,
  `ACCOUNT_ID` int(11) DEFAULT NULL,
  `ACCOUNT_NAME` varchar(255) DEFAULT NULL,
  `CONTACT_ID` int(11) DEFAULT NULL,
  `CONTACT_NAME` varchar(255) DEFAULT NULL,
  `STATUS` int(11) DEFAULT NULL,
  `PRIORITY` varchar(255) DEFAULT NULL,
  `SUBJECT` varchar(255) DEFAULT NULL,
  `DESCRIPTION` varchar(4000) DEFAULT NULL,
  `ASSIGNED_TO` varchar(255) DEFAULT NULL,
  `DUE_DATE` datetime DEFAULT NULL,
  `DELETED` tinyint(1) DEFAULT NULL,
  `CREATED_BY` varchar(255) DEFAULT NULL,
  `CREATED_ON` datetime DEFAULT NULL,
  `UPDATED_BY` varchar(255) DEFAULT NULL,
  `UPDATED_ON` datetime DEFAULT NULL,
  `CONTACT_SENTIMENT_SCORE` int(11) DEFAULT NULL,
  PRIMARY KEY (ID)
) ENGINE=InnoDB DEFAULT CHARSET=utf8;

CREATE TABLE `ICC_ADDRESS` (
  `ID` int(11) NOT NULL AUTO_INCREMENT,
  `TYPE` varchar(150) DEFAULT NULL,
  `STREET_1` varchar(150) DEFAULT NULL,
  `STREET_2` varchar(150) DEFAULT NULL,
  `STREET_3` varchar(150) DEFAULT NULL,
  `CITY` varchar(100) DEFAULT NULL,
  `STATE` varchar(100) DEFAULT NULL,
  `POSTAL_CODE` varchar(20) DEFAULT NULL,
  `COUNTRY` varchar(255) DEFAULT NULL,
  PRIMARY KEY (ID)
) ENGINE=InnoDB DEFAULT CHARSET=utf8;

CREATE TABLE `ICC_ALERT` (
  `ID` int(11) NOT NULL AUTO_INCREMENT,
  `CREATED_BY` varchar(255) DEFAULT NULL,
  `CREATED_ON` datetime DEFAULT NULL,
  `DELETED` tinyint(4) DEFAULT NULL,
  `EXPIRES_ON` datetime DEFAULT NULL,
  `UPDATED_BY` varchar(255) DEFAULT NULL,
  `UPDATED_ON` datetime DEFAULT NULL,
  `DETAILS` varchar(4000) DEFAULT NULL,
  `CONTACT_ID` int(11) DEFAULT NULL,
  `ACCOUNT_ID` int(11) DEFAULT NULL,
  `ACTIVITY_ID` int(11) DEFAULT NULL,
  `CASE_ID` int(11) DEFAULT NULL,
  PRIMARY KEY (ID)
) ENGINE=InnoDB DEFAULT CHARSET=utf8;

CREATE TABLE `ICC_CASE` (
  `ID` int(11) NOT NULL AUTO_INCREMENT,
  `TYPE` int(255) DEFAULT NULL,
  `ACCOUNT_ID` int(11) DEFAULT NULL,
  `CONTACT_ID` int(11) DEFAULT NULL,
  `ACTIVITY_ID` int(11) DEFAULT NULL,
  `STATUS` int(11) DEFAULT NULL,
  `PRIORITY` int(11) DEFAULT NULL,
  `NAME` varchar(255) DEFAULT NULL,
  `DESCRIPTION` varchar(4000) DEFAULT NULL,
  `ASSIGNED_TO` varchar(255) DEFAULT NULL,
  `RESOLVED_ON` datetime DEFAULT NULL,
  `TIME_TO_RESOLVE` double DEFAULT NULL,
  `DELETED` tinyint(1) DEFAULT NULL,
  `FOLDER_ID` int(11) DEFAULT NULL,
  `CREATED_BY` varchar(255) DEFAULT NULL,
  `CREATED_ON` datetime DEFAULT NULL,
  `UPDATED_BY` varchar(255) DEFAULT NULL,
  `UPDATED_ON` datetime DEFAULT NULL,
  `INTERNAL_ONLY` tinyint(4) DEFAULT NULL,
  `RESOLUTION` varchar(255) DEFAULT NULL,
  `STATE` int(11) DEFAULT NULL,
  PRIMARY KEY (ID)
) ENGINE=InnoDB DEFAULT CHARSET=utf8;

CREATE TABLE `ICC_CONTACT` (
  `ID` int(11) NOT NULL AUTO_INCREMENT,
  `CREATED_BY` varchar(255) DEFAULT NULL,
  `CREATED_ON` datetime DEFAULT NULL,
  `UPDATED_BY` varchar(255) DEFAULT NULL,
  `UPDATED_ON` datetime DEFAULT NULL,
  `DESCRIPTION` varchar(4000) DEFAULT NULL,
  `DELETED` tinyint(4) DEFAULT NULL,
  `ACCOUNT_ID` int(11) DEFAULT NULL,
  `SALUTATION` varchar(25) DEFAULT NULL,
  `FIRST_NAME` varchar(100) DEFAULT NULL,
  `LAST_NAME` varchar(100) DEFAULT NULL,
  `TITLE` varchar(100) DEFAULT NULL,
  `PHOTO` int(11) DEFAULT NULL,
  `DEPARTMENT` varchar(100) DEFAULT NULL,
  `DO_NOT_CALL` tinyint(4) DEFAULT NULL,
  `EMAIL` varchar(255) DEFAULT NULL,
  `LINKED_IN` varchar(500) DEFAULT NULL,
  `PHONE_HOME` varchar(30) DEFAULT NULL,
  `PHONE_MOBILE` varchar(30) DEFAULT NULL,
  `PHONE_WORK` varchar(30) DEFAULT NULL,
  `PHONE_OTHER` varchar(30) DEFAULT NULL,
  `PHONE_FAX` varchar(30) DEFAULT NULL,
  `ASSISTANT` int(255) DEFAULT NULL,
  `ASSISTANT_PHONE` varchar(30) DEFAULT NULL,
  `LEAD_SOURCE` int(11) DEFAULT NULL,
  `REPORTS_TO_ID` int(255) DEFAULT NULL,
  `BIRTH_DATE` date DEFAULT NULL,
  `BIRTH_DATE_VERIFICATION_FORMATTED` int(8) DEFAULT NULL,
  `SSN` varchar(4) DEFAULT NULL,
  `CAMPAIGN_ID` varchar(255) DEFAULT NULL,
  `FOLDER_ID` int(11) DEFAULT NULL,
  `PRIMARY_ADDRESS` int(11) DEFAULT NULL,
  `SECONDARY_ADDRESS` int(11) DEFAULT NULL,
  `ASSIGNED_TO` varchar(255) DEFAULT NULL,
  PRIMARY KEY (ID)
) ENGINE=InnoDB DEFAULT CHARSET=utf8;

CREATE TABLE `ICC_CONTACT_SECURITY_QUESTION` (
  `ID` int(11) NOT NULL AUTO_INCREMENT,
  `CONTACT_ID` int(11) DEFAULT NULL,
  `QUESTION` varchar(255) DEFAULT NULL,
  `RESPONSE` varchar(255) DEFAULT NULL,
  `CREATED_BY` varchar(255) DEFAULT NULL,
  `CREATED_ON` datetime DEFAULT NULL,
  `UPDATED_BY` varchar(255) DEFAULT NULL,
  `UPDATED_ON` datetime DEFAULT NULL,
  `LAST_USED_ON` datetime DEFAULT NULL,
  `DELETED` tinyint(4) DEFAULT NULL,
  PRIMARY KEY (ID)
) ENGINE=InnoDB DEFAULT CHARSET=utf8;

CREATE TABLE `ICC_INTERACTION` (
  `ID` int(11) NOT NULL AUTO_INCREMENT,
  `TYPE` int(11) DEFAULT NULL,
  `ACCOUNT_ID` int(11) DEFAULT NULL,
  `ACCOUNT_NAME` varchar(255) DEFAULT NULL,
  `CONTACT_ID` int(11) DEFAULT NULL,
  `CONTACT_NAME` varchar(255) DEFAULT NULL,
  `STATUS` int(11) DEFAULT NULL,
  `PRIORITY` int(11) DEFAULT NULL,
  `SUBJECT` varchar(255) DEFAULT NULL,
  `DESCRIPTION` varchar(4000) DEFAULT NULL,
  `ASSIGNED_TO` varchar(255) DEFAULT NULL,
  `CASE_ID` int(11) DEFAULT NULL,
  `DELETED` tinyint(1) DEFAULT NULL,
  `CREATED_BY` varchar(255) DEFAULT NULL,
  `CREATED_ON` datetime DEFAULT NULL,
  `UPDATED_BY` varchar(255) DEFAULT NULL,
  `UPDATED_ON` datetime DEFAULT NULL,
  `CONTACT_SENTIMENT_SCORE` int(11) DEFAULT NULL,
  `CONTACT_SENTIMENT_SCORE_AVG` int(11) DEFAULT NULL,
  `CONTACT_SENTIMENT_SCORE_MIN` int(11) DEFAULT NULL,
  `CONTACT_SENTIMENT_SCORE_MODE` int(11) DEFAULT NULL,
  `AGENT_SENTIMENT_SCORE` int(11) DEFAULT NULL,
  `AGENT_SENTIMENT_SCORE_AVG` int(11) DEFAULT NULL,
  `AGENT_SENTIMENT_SCORE_MIN` int(11) DEFAULT NULL,
  `AGENT_SENTIMENT_SCORE_MODE` int(11) DEFAULT NULL,
  `ESCALATED` tinyint(4) DEFAULT NULL,
  `REQUIRES_FOLLOW_UP` tinyint(4) DEFAULT NULL,
  `INTERNAL_ONLY` tinyint(4) DEFAULT NULL,
  `ACTIVITY_ID` int(11) DEFAULT NULL,
  `EXTERNAL_CHANNEL_SID` varchar(255) DEFAULT NULL,
  `EXTERNAL_TASK_SID` varchar(255) DEFAULT NULL,
  PRIMARY KEY (ID)
) ENGINE=InnoDB DEFAULT CHARSET=utf8;

CREATE TABLE `ICC_INTERACTION_LOG_ENTRY` (
  `ID` int(11) NOT NULL AUTO_INCREMENT,
  `STATUS` int(11) DEFAULT NULL,
  `SOURCE` int(11) DEFAULT NULL,
  `EXTERNAL_TASK_SID` varchar(255) DEFAULT NULL,
  `EXTERNAL_CHANNEL_SID` varchar(255) DEFAULT NULL,
  `CREATED_BY` varchar(255) DEFAULT NULL,
  `CREATED_ON` datetime DEFAULT NULL,
  `INTERNAL_ONLY` tinyint(1) DEFAULT NULL,
  `DELETED` tinyint(1) DEFAULT NULL,
  `RELATIVE_ORDER` int(11) DEFAULT NULL,
  `INTERACTION_ID` int(11) DEFAULT NULL,
  `INTERACTION_TYPE` int(11) DEFAULT NULL,
  `CASE_ID` int(11) DEFAULT NULL,
  `CONTACT_ID` int(11) DEFAULT NULL,
  `USER` varchar(255) DEFAULT NULL,
  `DETAILS` varchar(4000) DEFAULT NULL,
  `TYPE` int(11) DEFAULT NULL,
  `SENTIMENT_SCORE` int(11) DEFAULT NULL,
  PRIMARY KEY (ID)
) ENGINE=InnoDB DEFAULT CHARSET=utf8;

CREATE TABLE `ICC_IVR_MENU` (
  `ID` int(11) NOT NULL AUTO_INCREMENT,
  `NAME` varchar(255) DEFAULT NULL,
  `WELCOME_PROMPT` varchar(4096) DEFAULT NULL,
  `WELCOME_PROMPT_AUDIO` varchar(255) DEFAULT NULL,
  `DESCRIPTION` varchar(255) DEFAULT NULL,
  `REQUIRES_VERIFICATION` tinyint(4) DEFAULT NULL,
  `DELETED` tinyint(4) DEFAULT NULL,
  PRIMARY KEY (ID)
) ENGINE=InnoDB DEFAULT CHARSET=utf8;

CREATE TABLE `ICC_IVR_MENU_OPTION` (
  `ID` int(11) NOT NULL AUTO_INCREMENT,
  `PROMPT` varchar(4096) DEFAULT NULL,
  `PROMPT_AUDIO` varchar(255) DEFAULT NULL,
  `PARENT_OPTION_ID` int(11) DEFAULT NULL,
  `RECORD_FLAG` tinyint(1) DEFAULT NULL,
  `ENQUEUE_FLAG` tinyint(1) DEFAULT NULL,
  `ENQUEUE_TASK_ATTRIBUTES_JSON` varchar(4096) DEFAULT NULL,
  `IVR_MENU_ID` int(11) DEFAULT NULL,
  `HIDDEN_OPTION_FLAG` tinyint(1) DEFAULT NULL,
  `RELATIVE_ORDER` int(11) DEFAULT NULL,
  `OPTION_DTMF_VALUE` int(11) DEFAULT NULL,
  `OPTION_SPEECH_VALUE` varchar(255) DEFAULT NULL,
  `TIMEOUT` int(11) DEFAULT NULL,
  `NUM_DIGITS` int(11) DEFAULT NULL,
  `VERIFICATION_FIELD` varchar(255) DEFAULT NULL,
  `PROMPT_APPEND_VERIFICATION_FIELD_VALUE_FLAG` tinyint(4) DEFAULT NULL,
  `HINTS` varchar(4000) DEFAULT NULL,
  PRIMARY KEY (ID)
) ENGINE=InnoDB DEFAULT CHARSET=utf8;

CREATE TABLE `ICC_NOTE` (
  `ID` int(11) NOT NULL AUTO_INCREMENT,
  `CREATED_BY` varchar(255) DEFAULT NULL,
  `CREATED_ON` datetime DEFAULT NULL,
  `DELETED` tinyint(4) DEFAULT NULL,
  `UPDATED_BY` varchar(255) DEFAULT NULL,
  `UPDATED_ON` datetime DEFAULT NULL,
  `DETAILS` varchar(4000) DEFAULT NULL,
  `CONTACT_ID` int(11) DEFAULT NULL,
  `ACCOUNT_ID` int(11) DEFAULT NULL,
  `ACTIVITY_ID` int(11) DEFAULT NULL,
  `CASE_ID` int(11) DEFAULT NULL,
  `PRIORITY` int(11) DEFAULT NULL,
  `RELATIVE_ORDER` int(11) DEFAULT NULL,
  `INTERACTION_ID` int(11) DEFAULT NULL,
  PRIMARY KEY (ID)
) ENGINE=InnoDB DEFAULT CHARSET=utf8;

CREATE TABLE `ICC_REFERENCE` (
  `ID` int(11) NOT NULL AUTO_INCREMENT,
  `NAME` varchar(255) DEFAULT NULL,
  `TYPE` varchar(255) DEFAULT NULL,
  `DELETED` tinyint(4) DEFAULT NULL,
  `RELATIVE_ORDER` int(11) DEFAULT NULL,
  PRIMARY KEY (ID)
) ENGINE=InnoDB DEFAULT CHARSET=utf8;

CREATE TABLE `ICC_WEB_API_REQUEST` (
  `ID` int(11) NOT NULL AUTO_INCREMENT,
  `HTTP_REQUEST` varchar(8000) DEFAULT NULL,
  PRIMARY KEY (ID)
) ENGINE=InnoDB DEFAULT CHARSET=utf8;

CREATE TABLE `ICC_WORKER` (
  `ID` int(11) NOT NULL AUTO_INCREMENT,
  `USERNAME` varchar(255) DEFAULT NULL,
  `WORKER_SID` varchar(255) DEFAULT NULL,
  `CONTACT_URI` varchar(255) DEFAULT NULL,
  PRIMARY KEY (ID)
) ENGINE=InnoDB DEFAULT CHARSET=utf8;

CREATE OR REPLACE VIEW `ICC_AGENT_INTERACTION_VIEW`  AS  select concat(convert(ifnull(`I`.`STATUS`,'') using utf8),`W`.`USERNAME`,convert(ifnull(`I`.`ID`,'') using utf8)) AS `ID`,`I`.`TYPE` AS `TYPE`,`I`.`ACCOUNT_ID` AS `ACCOUNT_ID`,`I`.`ACCOUNT_NAME` AS `ACCOUNT_NAME`,`I`.`CONTACT_ID` AS `CONTACT_ID`,`I`.`CONTACT_NAME` AS `CONTACT_NAME`,`I`.`STATUS` AS `STATUS`,`I`.`PRIORITY` AS `PRIORITY`,`I`.`SUBJECT` AS `SUBJECT`,`I`.`DESCRIPTION` AS `DESCRIPTION`,`W`.`USERNAME` AS `ASSIGNED_TO`,`I`.`CASE_ID` AS `CASE_ID`,`I`.`DELETED` AS `DELETED`,`I`.`CREATED_BY` AS `CREATED_BY`,`I`.`CREATED_ON` AS `CREATED_ON`,`I`.`UPDATED_BY` AS `UPDATED_BY`,`I`.`UPDATED_ON` AS `UPDATED_ON`,`I`.`CONTACT_SENTIMENT_SCORE` AS `CONTACT_SENTIMENT_SCORE`,`I`.`ESCALATED` AS `ESCALATED`,`I`.`REQUIRES_FOLLOW_UP` AS `REQUIRES_FOLLOW_UP`,`I`.`INTERNAL_ONLY` AS `INTERNAL_ONLY`,`I`.`ACTIVITY_ID` AS `ACTIVITY_ID`,`I`.`EXTERNAL_CHANNEL_SID` AS `EXTERNAL_CHANNEL_SID`,`I`.`EXTERNAL_TASK_SID` AS `EXTERNAL_TASK_SID`,`C`.`PRIORITY` AS `CASE_PRIORITY`,`C`.`STATE` AS `CASE_STATE`,`C`.`STATUS` AS `CASE_STATUS`,`C`.`DESCRIPTION` AS `CASE_DESCRIPTION`,`C`.`NAME` AS `CASE_NAME`,`W`.`WORKER_SID` AS `WORKER_SID` from ((`ICC_WORKER` `W` left join `ICC_INTERACTION` `I` on(((`W`.`USERNAME` = `I`.`ASSIGNED_TO`) and (`I`.`STATUS` = 22) and (`I`.`DELETED` <> 1)))) left join `ICC_CASE` `C` on((`I`.`CASE_ID` = `C`.`ID`))) order by `I`.`STATUS` desc,`I`.`ESCALATED` desc,`I`.`CREATED_ON` desc,`W`.`USERNAME` ;

ALTER TABLE `ICC_ACCOUNT`
  ADD KEY `ICC_ACCOUNT_ibfk_1` (`SHIPPING_ADDRESS`),
  ADD KEY `ICC_ACCOUNT_ibfk_2` (`BILLING_ADDRESS`);

ALTER TABLE `ICC_ACTIVITY`
  ADD KEY `ICC_ACTIVITY_ibfk_1` (`CONTACT_ID`),
  ADD KEY `ICC_ACTIVITY_ibfk_2` (`ACCOUNT_ID`),
  ADD KEY `STATUS` (`STATUS`);

ALTER TABLE `ICC_ALERT`
  ADD KEY `ACCOUNT_ID` (`ACCOUNT_ID`),
  ADD KEY `ACTIVITY_ID` (`ACTIVITY_ID`),
  ADD KEY `CASE_ID` (`CASE_ID`),
  ADD KEY `CONTACT_ID` (`CONTACT_ID`);

ALTER TABLE `ICC_CASE`
  ADD KEY `ICC_CASE_ibfk_1` (`ACCOUNT_ID`),
  ADD KEY `STATUS` (`STATUS`),
  ADD KEY `PRIORITY` (`PRIORITY`),
  ADD KEY `TYPE` (`TYPE`),
  ADD KEY `ICC_CASE_ibfk_2` (`ACTIVITY_ID`),
  ADD KEY `ICC_CASE_ibfk_3` (`CONTACT_ID`),
  ADD KEY `STATE` (`STATE`);

ALTER TABLE `ICC_CONTACT`
  ADD KEY `phoneSearch` (`PHONE_HOME`,`PHONE_MOBILE`,`PHONE_WORK`,`PHONE_OTHER`,`ASSISTANT_PHONE`) USING BTREE,
  ADD KEY `REPORTS_TO_ID` (`REPORTS_TO_ID`),
  ADD KEY `ASSISTANT` (`ASSISTANT`),
  ADD KEY `ACCOUNT_ID` (`ACCOUNT_ID`),
  ADD KEY `PRIMARY_ADDRESS` (`PRIMARY_ADDRESS`),
  ADD KEY `SECONDARY_ADDRESS` (`SECONDARY_ADDRESS`);

ALTER TABLE `ICC_CONTACT_SECURITY_QUESTION`
  ADD KEY `CONTACT_ID` (`CONTACT_ID`);

ALTER TABLE `ICC_INTERACTION`
  ADD KEY `ICC_INTERACTION_ibfk_1` (`ACCOUNT_ID`),
  ADD KEY `ICC_INTERACTION_ibfk_2` (`CONTACT_ID`),
  ADD KEY `ICC_INTERACTION_ibfk_3` (`CASE_ID`),
  ADD KEY `STATUS` (`STATUS`),
  ADD KEY `PRIORITY` (`PRIORITY`),
  ADD KEY `AssignedToStatusDeleted` (`ASSIGNED_TO`,`STATUS`,`DELETED`);

ALTER TABLE `ICC_INTERACTION_LOG_ENTRY`
  ADD KEY `INTERACTION_ID` (`INTERACTION_ID`),
  ADD KEY `CASE_ID` (`CASE_ID`),
  ADD KEY `CONTACT_ID` (`CONTACT_ID`),
  ADD KEY `SOURCE` (`SOURCE`),
  ADD KEY `TYPE` (`TYPE`),
  ADD KEY `INTERACTION_TYPE` (`INTERACTION_TYPE`);

ALTER TABLE `ICC_IVR_MENU_OPTION`
  ADD KEY `IVR_MENU_ID` (`IVR_MENU_ID`),
  ADD KEY `PARENT_OPTION_ID` (`PARENT_OPTION_ID`);

ALTER TABLE `ICC_NOTE`
  ADD KEY `ACCOUNT_ID` (`ACCOUNT_ID`),
  ADD KEY `ACTIVITY_ID` (`ACTIVITY_ID`),
  ADD KEY `CASE_ID` (`CASE_ID`),
  ADD KEY `CONTACT_ID` (`CONTACT_ID`),
  ADD KEY `PRIORITY` (`PRIORITY`),
  ADD KEY `INTERACTION_ID` (`INTERACTION_ID`);



INSERT INTO `ICC_IVR_MENU` (`ID`, `NAME`, `WELCOME_PROMPT`, `WELCOME_PROMPT_AUDIO`, `DESCRIPTION`, `REQUIRES_VERIFICATION`, `DELETED`) VALUES
(1, 'Traditional IVR Prompting Menu', 'Thank you for contacting us. Please listen carefully to the following options.', '', 'A traditional branching menu where the user is prompted with multiple choices.', NULL, NULL),
(2, 'Enqueue Menu', 'Hello, I am connecting you to an agent, please stand by.', '', 'A welcome message is read to the caller and then they are transferred immediately to the default queue', NULL, NULL),
(3, 'Silent Enqueue Menu', '', '', 'The caller is immediately transferred to the default queue.', NULL, NULL),
(4, 'Record Menu', 'Thank you for contacting us.', NULL, 'The caller is requested to record a brief message, which is then added as part of the Twilio task attributes.  This information is then made available on the Agent Dashboard. ', NULL, NULL),
(5, 'Caller Identity Verification', 'Thank you for contacting us.  ', '', 'An attempt is made to verify the caller\'s identity and they are then transferred to an agent.', 1, NULL);

INSERT INTO `ICC_IVR_MENU_OPTION` (`ID`, `PROMPT`, `PROMPT_AUDIO`, `PARENT_OPTION_ID`, `RECORD_FLAG`, `ENQUEUE_FLAG`, `ENQUEUE_TASK_ATTRIBUTES_JSON`, `IVR_MENU_ID`, `HIDDEN_OPTION_FLAG`, `RELATIVE_ORDER`, `OPTION_DTMF_VALUE`, `OPTION_SPEECH_VALUE`, `TIMEOUT`, `NUM_DIGITS`, `VERIFICATION_FIELD`, `PROMPT_APPEND_VERIFICATION_FIELD_VALUE_FLAG`, `HINTS`) VALUES
(1, 'Press 1 or say \"Normal Support.\"', NULL, NULL, NULL, NULL, '', 1, NULL, 1, 1, 'Normal Support', 3, 1, NULL, NULL, NULL),
(2, 'Press 2 or say \"Premium Support\".', NULL, NULL, NULL, NULL, '', 1, NULL, 2, 2, 'Premium Support', 3, 1, NULL, NULL, NULL),
(3, 'Please record a brief message describing your request.', NULL, 5, 1, 1, '{\"type\":\"Normal Support\", \"subtype\":\"billing\"}', 1, NULL, NULL, NULL, NULL, 3, 1, NULL, NULL, NULL),
(4, 'Please record a brief message describing your request.', NULL, 2, 1, 1, '{\"type\":\"Premium Support\"}', 1, NULL, NULL, NULL, NULL, 3, 1, NULL, NULL, NULL),
(5, 'Normal Support. Press 1 or say Billing for Billing Inquiries.', NULL, 1, NULL, NULL, NULL, 1, NULL, 1, 1, 'Billing', 3, 1, NULL, NULL, NULL),
(6, 'Press 2 or say Fraud, for Fraud Reporting.', NULL, 1, NULL, NULL, NULL, 1, NULL, 2, 2, 'Fraud', 3, 1, NULL, NULL, NULL),
(9, 'Please tell me why you are calling today.', NULL, NULL, 1, 1, '{\"type\":\"Normal Support\"}', 4, NULL, NULL, NULL, NULL, 3, 0, NULL, NULL, NULL),
(10, '', NULL, NULL, NULL, 1, '{\"type\":\"Normal Support\"}', 2, 0, NULL, NULL, NULL, 0, 0, NULL, NULL, NULL),
(11, '', NULL, NULL, NULL, 1, '{\"type\":\"Normal Support\"}', 3, NULL, NULL, NULL, NULL, 0, 0, NULL, NULL, NULL),
(12, 'Please record a brief message describing your request.', NULL, 6, 1, 1, '{\"type\":\"Normal Support\", \"subtype\":\"fraud\"}', 1, NULL, NULL, NULL, NULL, 3, 0, NULL, NULL, NULL),
(13, 'Please press 1, if I am speaking to ', NULL, NULL, NULL, NULL, NULL, 5, NULL, NULL, 1, 'yes', 3, 1, 'firstName', 1, NULL),
(14, 'Otherwise, please press 2.', NULL, NULL, NULL, 1, '{\"identity_verification\":\"rejected\"}', 5, NULL, NULL, 2, 'no', 3, 1, NULL, NULL, NULL),
(15, 'Please provide the last four digits of your Social Security Number', NULL, 13, NULL, NULL, NULL, 5, NULL, NULL, NULL, NULL, 3, 4, 'ssn', NULL, NULL),
(16, 'Please provide your birthdate in the format of four digit year, two digit month, two digit day.  ', NULL, 15, NULL, 1, '{\"type\":\"Normal Support\", \"identity_verification\":\"passed\"}', 5, NULL, NULL, NULL, NULL, 5, 8, 'birthdateVerificationFormatted', NULL, NULL);

INSERT INTO `ICC_REFERENCE` (`ID`, `NAME`, `TYPE`, `DELETED`, `RELATIVE_ORDER`) VALUES
(1, 'Inbound Call', 'INTERACTION_TYPE', 0, 0),
(2, 'Outbound Call', 'INTERACTION_TYPE', 0, 0),
(3, 'SMS', 'INTERACTION_TYPE', 0, 0),
(4, 'Chat', 'INTERACTION_TYPE', 0, 0),
(5, 'Email', 'INTERACTION_TYPE', 0, 0),
(6, 'Web', 'INTERACTION_TYPE', 0, 0),
(7, 'In-Person Meeting', 'INTERACTION_TYPE', 0, 0),
(8, 'Scheduled', 'ACTIVITY_STATUS', 0, 0),
(9, 'In Progress', 'ACTIVITY_STATUS', 0, 0),
(10, 'Completed', 'ACTIVITY_STATUS', 0, 0),
(11, 'Pending Input', 'ACTIVITY_STATUS', 0, 0),
(12, 'Deferred', 'ACTIVITY_STATUS', 0, 0),
(13, 'Critical', 'PRIORITY', 0, 1),
(14, 'High', 'PRIORITY', 0, 2),
(15, 'Medium', 'PRIORITY', 0, 3),
(16, 'Low', 'PRIORITY', 0, 4),
(17, 'Customer Service Request', 'CASE_TYPE', 0, 0),
(18, 'Order Management', 'CASE_TYPE', 0, 0),
(19, 'Investigation', 'CASE_TYPE', 0, 0),
(20, 'FS - Travel Alert', 'CASE_TYPE', 0, 0),
(21, 'FS - Review Transaction (Fraud)', 'CASE_TYPE', 0, 0),
(22, 'Open', 'CASE_STATE', 0, 0),
(23, 'Closed', 'CASE_STATE', 0, 0),
(24, 'Re-Opened', 'CASE_STATE', 0, 0),
(25, 'New', 'CASE_STATUS', 0, 0),
(26, 'Assigned', 'CASE_STATUS', 0, 0),
(27, 'In Progress', 'CASE_STATUS', 0, 0),
(28, 'Pending Input', 'CASE_STATUS', 0, 0),
(29, 'Solution', 'CASE_STATUS', 0, 0),
(30, 'Closed', 'CASE_STATUS', 0, 0),
(31, 'Re-Opened', 'CASE_STATUS', 0, 0),
(32, 'Deferred', 'CASE_STATUS', 0, 0),
(33, 'Proposed', 'INTERACTION_LOG_ENTRY_STATUS', 0, 0),
(34, 'Accepted', 'INTERACTION_LOG_ENTRY_STATUS', 0, 0),
(35, 'Rejected', 'INTERACTION_LOG_ENTRY_STATUS', 0, 0),
(36, 'Completed', 'INTERACTION_LOG_ENTRY_STATUS', 0, 0),
(37, 'Manual', 'INTERACTION_LOG_ENTRY_SOURCE', 0, 0),
(38, 'Prompter', 'INTERACTION_LOG_ENTRY_SOURCE', 0, 0),
(39, 'AI', 'INTERACTION_LOG_ENTRY_SOURCE', 0, 0),
(40, 'Chatbot', 'INTERACTION_LOG_ENTRY_SOURCE', 0, 0),
(41, 'Appian', 'INTERACTION_LOG_ENTRY_SOURCE', 0, 0),
(42, 'Call Answered', 'INTERACTION_LOG_ENTRY_TYPE', 0, 0),
(43, 'Call Transferred', 'INTERACTION_LOG_ENTRY_TYPE', 0, 0),
(44, 'Call Disconnected', 'INTERACTION_LOG_ENTRY_TYPE', 0, 0),
(45, 'SMS Received', 'INTERACTION_LOG_ENTRY_TYPE', 0, 0),
(46, 'SMS Sent', 'INTERACTION_LOG_ENTRY_TYPE', 0, 0),
(47, 'Chat Started', 'INTERACTION_LOG_ENTRY_TYPE', 0, 0),
(48, 'Chat Message Received', 'INTERACTION_LOG_ENTRY_TYPE', 0, 0),
(49, 'Chat Message Sent', 'INTERACTION_LOG_ENTRY_TYPE', 0, 0),
(50, 'Chat Ended', 'INTERACTION_LOG_ENTRY_TYPE', 0, 0),
(51, 'Email Received', 'INTERACTION_LOG_ENTRY_TYPE', 0, 0),
(52, 'Email Sent', 'INTERACTION_LOG_ENTRY_TYPE', 0, 0),
(53, 'Case Created', 'INTERACTION_LOG_ENTRY_TYPE', 0, 0),
(54, 'Case Updated', 'INTERACTION_LOG_ENTRY_TYPE', 0, 0),
(55, 'Case Resolved', 'INTERACTION_LOG_ENTRY_TYPE', 0, 0),
(56, 'Note Created', 'INTERACTION_LOG_ENTRY_TYPE', 0, 0),
(57, 'Note Updated', 'INTERACTION_LOG_ENTRY_TYPE', 0, 0),
(58, 'Note Deleted', 'INTERACTION_LOG_ENTRY_TYPE', 0, 0),
(59, 'Account Created', 'INTERACTION_LOG_ENTRY_TYPE', 0, 0),
(60, 'Account Updated', 'INTERACTION_LOG_ENTRY_TYPE', 0, 0),
(61, 'Contact Created', 'INTERACTION_LOG_ENTRY_TYPE', 0, 0),
(62, 'Contact Updated', 'INTERACTION_LOG_ENTRY_TYPE', 0, 0),
(63, 'Contact Deleted', 'INTERACTION_LOG_ENTRY_TYPE', 0, 0),
(64, 'Activity Created', 'INTERACTION_LOG_ENTRY_TYPE', 0, 0),
(65, 'Activity Updated', 'INTERACTION_LOG_ENTRY_TYPE', 0, 0),
(66, 'Activity Deleted', 'INTERACTION_LOG_ENTRY_TYPE', 0, 0),
(67, 'Scheduled', 'INTERACTION_STATUS', 0, 0),
(68, 'In Progress', 'INTERACTION_STATUS', 0, 0),
(69, 'Completed', 'INTERACTION_STATUS', 0, 0),
(72, 'Identity Verified', 'INTERACTION_LOG_ENTRY_TYPE', 0, 0),
(73, 'Case Selected', 'INTERACTION_LOG_ENTRY_TYPE', 0, 0),
(74, 'Call Ended', 'INTERACTION_LOG_ENTRY_TYPE', 0, 0);


INSERT INTO `ICC_CONTACT` (`ID`, `CREATED_BY`, `CREATED_ON`, `UPDATED_BY`, `UPDATED_ON`, `DESCRIPTION`, `DELETED`, `ACCOUNT_ID`, `SALUTATION`, `FIRST_NAME`, `LAST_NAME`, `TITLE`, `PHOTO`, `DEPARTMENT`, `DO_NOT_CALL`, `EMAIL`, `LINKED_IN`, `PHONE_HOME`, `PHONE_MOBILE`, `PHONE_WORK`, `PHONE_OTHER`, `PHONE_FAX`, `ASSISTANT`, `ASSISTANT_PHONE`, `LEAD_SOURCE`, `REPORTS_TO_ID`, `BIRTH_DATE`, `BIRTH_DATE_VERIFICATION_FORMATTED`, `SSN`, `CAMPAIGN_ID`, `FOLDER_ID`, `PRIMARY_ADDRESS`, `SECONDARY_ADDRESS`, `ASSIGNED_TO`) VALUES
(1, 'Administrator', '2018-06-28 00:00:00', NULL, NULL, NULL, NULL, NULL, NULL, 'John', 'Smith', 'Mr', NULL, 'Marketing', NULL, 'john.smith@test.com', NULL, '15555555555', NULL, NULL, NULL, NULL, NULL, NULL, NULL, NULL, '2018-03-01', NULL, '0000', NULL, NULL, NULL, NULL, NULL);